<?xml version="1.0" encoding="UTF-8"?>
<configurationDescriptor version="97">
  <logicalFolder name="root" displayName="root" projectFiles="true" kind="ROOT">
    <logicalFolder name="HeaderFiles"
                   displayName="Header Files"
                   projectFiles="true">
      <itemPath>Bloque.h</itemPath>
      <itemPath>Cofre.h</itemPath>
      <itemPath>ContenedorItem.h</itemPath>
      <itemPath>EmptyContainer.h</itemPath>
      <itemPath>Espada.h</itemPath>
      <itemPath>Filete.h</itemPath>
      <itemPath>Inventario.h</itemPath>
      <itemPath>Item.h</itemPath>
      <itemPath>ItemApilable.h</itemPath>
    </logicalFolder>
    <logicalFolder name="ResourceFiles"
                   displayName="Resource Files"
                   projectFiles="true">
    </logicalFolder>
    <logicalFolder name="SourceFiles"
                   displayName="Source Files"
                   projectFiles="true">
      <itemPath>Bloque.cpp</itemPath>
      <itemPath>Cofre.cpp</itemPath>
      <itemPath>EmptyContainer.cpp</itemPath>
      <itemPath>Espada.cpp</itemPath>
      <itemPath>Filete.cpp</itemPath>
      <itemPath>Inventario.cpp</itemPath>
      <itemPath>ItemApilable.cpp</itemPath>
      <itemPath>main.cpp</itemPath>
    </logicalFolder>
    <logicalFolder name="TestFiles"
                   displayName="Test Files"
                   projectFiles="false"
                   kind="TEST_LOGICAL_FOLDER">
    </logicalFolder>
    <logicalFolder name="ExternalFiles"
                   displayName="Important Files"
                   projectFiles="false"
                   kind="IMPORTANT_FILES_FOLDER">
      <itemPath>Makefile</itemPath>
    </logicalFolder>
  </logicalFolder>
  <projectmakefile>Makefile</projectmakefile>
  <confs>
    <conf name="Debug" type="1">
      <toolsSet>
        <compilerSet>default</compilerSet>
        <dependencyChecking>true</dependencyChecking>
        <rebuildPropChanged>false</rebuildPropChanged>
      </toolsSet>
      <compileType>
        <ccTool>
          <standard>8</standard>
        </ccTool>
      </compileType>
      <item path="Bloque.cpp" ex="false" tool="1" flavor2="0">
      </item>
      <item path="Bloque.h" ex="false" tool="3" flavor2="0">
      </item>
      <item path="Cofre.cpp" ex="false" tool="1" flavor2="0">
      </item>
      <item path="Cofre.h" ex="false" tool="3" flavor2="0">
      </item>
      <item path="ContenedorItem.h" ex="false" tool="3" flavor2="0">
      </item>
      <item path="EmptyContainer.cpp" ex="false" tool="1" flavor2="0">
      </item>
      <item path="EmptyContainer.h" ex="false" tool="3" flavor2="0">
      </item>
      <item path="Espada.cpp" ex="false" tool="1" flavor2="0">
      </item>
      <item path="Espada.h" ex="false" tool="3" flavor2="0">
      </item>
      <item path="Filete.cpp" ex="false" tool="1" flavor2="0">
      </item>
      <item path="Filete.h" ex="false" tool="3" flavor2="0">
      </item>
      <item path="Inventario.cpp" ex="false" tool="1" flavor2="0">
      </item>
      <item path="Inventario.h" ex="false" tool="3" flavor2="0">
      </item>
      <item path="Item.h" ex="false" tool="3" flavor2="0">
      </item>
      <item path="ItemApilable.cpp" ex="false" tool="1" flavor2="0">
      </item>
      <item path="ItemApilable.h" ex="false" tool="3" flavor2="0">
      </item>
      <item path="main.cpp" ex="false" tool="1" flavor2="0">
      </item>
    </conf>
    <conf name="Release" type="1">
      <toolsSet>
        <compilerSet>default</compilerSet>
        <dependencyChecking>true</dependencyChecking>
        <rebuildPropChanged>false</rebuildPropChanged>
      </toolsSet>
      <compileType>
        <cTool>
          <developmentMode>5</developmentMode>
        </cTool>
        <ccTool>
          <developmentMode>5</developmentMode>
          <standard>8</standard>
        </ccTool>
        <fortranCompilerTool>
          <developmentMode>5</developmentMode>
        </fortranCompilerTool>
        <asmTool>
          <developmentMode>5</developmentMode>
        </asmTool>
      </compileType>
      <item path="Bloque.cpp" ex="false" tool="1" flavor2="0">
      </item>
      <item path="Bloque.h" ex="false" tool="3" flavor2="0">
      </item>
      <item path="Cofre.cpp" ex="false" tool="1" flavor2="0">
      </item>
      <item path="Cofre.h" ex="false" tool="3" flavor2="0">
      </item>
      <item path="ContenedorItem.h" ex="false" tool="3" flavor2="0">
      </item>
      <item path="EmptyContainer.cpp" ex="false" tool="1" flavor2="0">
      </item>
      <item path="EmptyContainer.h" ex="false" tool="3" flavor2="0">
      </item>
      <item path="Espada.cpp" ex="false" tool="1" flavor2="0">
      </item>
      <item path="Espada.h" ex="false" tool="3" flavor2="0">
      </item>
      <item path="Filete.cpp" ex="false" tool="1" flavor2="0">
      </item>
      <item path="Filete.h" ex="false" tool="3" flavor2="0">
      </item>
      <item path="Inventario.cpp" ex="false" tool="1" flavor2="0">
      </item>
      <item path="Inventario.h" ex="false" tool="3" flavor2="0">
      </item>
      <item path="Item.h" ex="false" tool="3" flavor2="0">
      </item>
      <item path="ItemApilable.cpp" ex="false" tool="1" flavor2="0">
      </item>
      <item path="ItemApilable.h" ex="false" tool="3" flavor2="0">
      </item>
      <item path="main.cpp" ex="false" tool="1" flavor2="0">
      </item>
    </conf>
  </confs>
</configurationDescriptor>
